
INSERT INTO `cart_users` (`id`, `id_user`, `id_product`, `id_size`, `id_color`, `count`) VALUES
(1, 8, 3, 14, 3, 1),
(2, 8, 3, 8, 1, 1),
(3, 1, 1, 13, 3, 1);


INSERT INTO `category` (`id`, `name`) VALUES
(1, 'Футболки'),
(2, 'Шорты'),
(3, 'Куртки'),
(4, 'Носки'),
(5, 'Толстовки'),
(6, 'Штаны'),
(8, 'Рубашки'),
(9, 'Джинсы'),
(10, 'Шапки'),
(11, 'Перчатки'),
(15, 'Обувь');


INSERT INTO `colors` (`id`, `name`) VALUES
(1, 'Черный'),
(2, 'Белый'),
(3, 'Серый'),
(4, 'Красный'),
(6, 'Оранжевый'),
(7, 'Синий'),
(8, 'Голубой');


INSERT INTO `orders` (`id`, `id_user`, `id_product`, `id_size`, `id_color`, `count`, `price_for_one`, `price`, `address`, `status`) VALUES
(1, 1, 3, 15, 3, 1, 1999, 1999, '433213, г.Ульяновск, ул. Чекалова, д.23', 'Доставлен'),
(2, 8, 1, 25, 2, 2, 4980, 9960, '412344, Г. Новосибирск, Ул. Кузнецова, д.213, кв. 321', 'В пути'),
(3, 7, 3, 17, 8, 1, 1000, 1000, '412344, Ульяновская обл., г.Димитровград, ул. Победы 145, кв. 432', 'Собирается'),
(4, 8, 3, 8, 6, 1, 1690, 1690, '412344, Г. Новосибирск, Ул. Кузнецова, д.213, кв. 321', 'Доставлен');


INSERT INTO `products` (`id`, `id_category`, `id_subcategory`, `id_size`, `id_color`, `name`, `description`, `price`, `discount`, `count`) VALUES
(1, 3, 1, 13, 3, 'Куртка Infashion', 'Для осени самое то!', 8000, 25, 100),
(3, 15, 16, 11, 1, 'Кросовки Nike', 'Спортивные кросовки', 2500, 3, 250),
(4, 11, 10, 32, 3, 'Руковицы', 'Теплые для зимы', 600, 0, 1000);


INSERT INTO `sizes` (`id`, `number`) VALUES
(1, 34),
(2, 35),
(3, 36),
(4, 37),
(5, 38),
(6, 39),
(7, 40),
(8, 41),
(9, 42),
(10, 43),
(11, 44),
(12, 45),
(13, 46),
(14, 47),
(15, 48),
(16, 49),
(17, 50),
(18, 51),
(19, 52),
(20, 53),
(21, 54),
(22, 55),
(23, 56),
(25, 57),
(26, 1),
(27, 2),
(28, 3),
(29, 4),
(30, 5),
(31, 6),
(32, 7),
(33, 8),
(34, 9),
(35, 10);


INSERT INTO `subcategory` (`id`, `id_category`, `name`) VALUES
(1, 3, 'Осенние'),
(2, 1, 'Поло'),
(3, 15, 'Зимняя'),
(4, 4, 'Гольфы'),
(5, 4, 'Чулки'),
(6, 4, 'Подследники'),
(9, 11, 'Резиновые'),
(10, 11, 'Зимние'),
(11, 6, 'Брюки'),
(12, 15, 'Кросовки'),
(13, 15, 'Ботинки зимние'),
(14, 15, 'Тапки'),
(15, 15, 'Сандали'),
(16, 15, 'Шлепки'),
(17, 6, 'Джогеры'),
(18, 6, 'Шорты');


INSERT INTO `users` (`id`, `first_name`, `last_name`, `dob`, `sex`, `telephone`, `address`) VALUES
(1, 'Игорь', 'Орлов', '1999-12-12', 'Мужской', '+79021234567', '433512, Ульяновская обл., г. Димитровград, ул. Строителей, д. 34, кв. 112'),
(7, 'Алексей', 'Иванов', '2001-03-05', 'Мужской', '+79233215321', '442344, г. Ульяновск, Менделеева, д.31'),
(8, 'Эмилия', 'Степанова', '2004-02-25', 'Женский', '+79055446428', '412344, г. Воронеж, Ул. Курчатова, д. 123, кв. 432');